time_utc,git_head,matched_code_pct,matched_code,total_code,matched_functions,total_functions,complete_code_pct,note
2026-10-03T00:00:00Z,a584251d,30.5977,898668,2937044,5169,7312,,baseline at session start (ninja progress; bytes exact)
2026-10-03T23:00:00Z,fc06439d,30.7829,904108,2937044,5200,7312,,"after the 10 Sonnet/Opus waves (backfilled, bytes derived)"
2026-10-04T12:00:00Z,f3371060,30.8348,905632,2937044,5202,7312,,"after Fable batch 1 (backfilled, bytes derived)"
2026-10-04T14:00:00Z,6045eebb,30.8958,907424,2937044,5207,7312,,"after Fable batch 3 (backfilled, bytes derived)"
2026-10-04T15:00:00Z,2f220757,30.973,909692,2937044,5213,7312,,"after Fable batch 4 (backfilled, bytes derived)"
2026-10-05T15:49:03Z,d262ba7b,31.0746,912676,2937044,5223,7312,30.9951,"after Fable batch 22 (autonomous run, Mon 09:48)"
2026-10-05T16:19:11Z,b0cbf484,32.2414,946944,2937044,5294,7312,32.0998,fallback batch 23
2026-10-05T16:50:30Z,f595b372,32.2414,946944,2937044,5294,7312,32.0998,fallback batch 24
2026-10-05T17:18:42Z,e01564ec,32.2859,948252,2937044,5297,7312,32.1323,"after oracle tooling (extra-function rule, pool binding)"
2026-10-05T17:51:27Z,781bb177,32.2859,948252,2937044,5297,7312,32.1323,fallback batch 25
2026-10-05T18:18:30Z,9003bd48,32.2859,948252,2937044,5297,7312,32.1323,fallback batch 26
2026-10-05T18:47:43Z,06cf0544,32.2859,948252,2937044,5297,7312,32.1323,fallback batch 27
2026-10-05T19:25:18Z,b1f073c4,32.3469,950044,2937044,5302,7312,32.1933,tooling round 1
2026-10-05T19:55:27Z,9b0ddee8,32.3469,950044,2937044,5302,7312,32.1933,fallback batch 28
2026-10-05T20:25:58Z,b8171e52,32.3469,950044,2937044,5302,7312,32.1933,fallback batch 29
2026-10-05T20:57:12Z,d3814910,32.3469,950044,2937044,5302,7312,32.1933,fallback batch 30
2026-10-05T21:28:25Z,525a2e9a,32.3469,950044,2937044,5302,7312,32.1933,fallback batch 31
2026-10-05T21:59:38Z,b7309e4e,32.3469,950044,2937044,5302,7312,32.1933,fallback batch 32
2026-10-05T22:17:38Z,7dc9f1c3,32.4645,953496,2937044,5312,7312,32.3061,tooling round 2
2026-10-05T22:50:00Z,abd48a50,32.4645,953496,2937044,5312,7312,32.3061,fallback batch 33
2026-10-05T23:46:02Z,98cc4ec5,32.4645,953496,2937044,5312,7312,32.3061,fable batch 34
2026-10-06T00:27:13Z,9ff8b110,32.4645,953496,2937044,5312,7312,32.3061,fable batch 35
2026-10-06T01:01:46Z,fbc43e65,32.4645,953496,2937044,5312,7312,32.3061,fable batch 36
2026-10-06T01:46:06Z,e1f57df5,32.4645,953496,2937044,5312,7312,32.3061,fable batch 37
2026-10-06T01:46:48Z,e1f57df5,32.7506,961900,2937044,5326,7312,32.5922,fable batch 37 (report refreshed by ninja)
2026-10-06T02:41:44Z,615870ce,32.8261,964116,2937044,5329,7312,32.6677,fable batch 38
2026-10-06T02:51:04Z,46a6159e,32.8307,964252,2937044,5330,7312,32.6677,tooling round 3
2026-10-06T03:37:00Z,a3fad00e,32.8454,964684,2937044,5331,7312,32.6824,fable batch 39
2026-10-06T05:43:39Z,5a39239a,32.9559,967928,2937044,5336,7312,32.7928,fable batch 40
2026-10-06T06:05:48Z,2919f007,32.9873,968852,2937044,5340,7312,32.8243,
2026-10-06T06:16:26Z,fc687f26,33.0786,971532,2937044,5345,7312,32.9155,codex-goal codex-goal-20261006-0011-1
2026-10-06T06:24:06Z,c396059d,33.2122,975456,2937044,5352,7312,33.0491,codex-goal codex-goal-20261006-0016-2
2026-10-06T06:38:47Z,620d1381,32.9873,968852,2937044,5340,7312,32.8243,fable batch 41
2026-10-06T07:24:46Z,ad4433c8,33.1205,972764,2937044,5345,7312,32.9484,fable batch 42
2026-10-06T08:55:55Z,a2e7ea65,33.1919,974860,2937044,5347,7312,33.0197,fable batch 43
2026-10-06T09:06:46Z,8e770268,33.1953,974960,2937044,5348,7312,33.0231,tooling round 4
2026-10-06T10:03:27Z,ffb33aa3,33.3542,979628,2937044,5352,7312,33.1821,fable batch 44
2026-10-06T10:51:27Z,d819e31d,33.5213,984536,2937044,5358,7312,33.3492,fable batch 45
2026-10-06T12:14:14Z,d2190628,33.6126,987216,2937044,5362,7312,33.4226,fable batch 46
2026-10-06T12:16:16Z,08236c4c,33.6424,988092,2937044,5363,7312,33.4524,fable batch 46 (+fn_1_12E0B8)
2026-10-06T13:23:05Z,7e6f1175,33.9698,997708,2937044,5379,7312,33.7798,codex-goal codex-goal-20261006-0715-1
2026-10-06T13:29:10Z,2dc06fec,34.0147,999028,2937044,5381,7312,33.8248,codex-goal codex-goal-20261006-0723-2
2026-10-06T13:37:02Z,3661f1dc,34.1039,1001648,2937044,5385,7312,33.914,codex-goal codex-goal-20261006-0729-3
2026-10-06T13:40:40Z,77ec2dfc,34.1455,1002868,2937044,5387,7312,33.9555,codex-goal codex-goal-20261006-0737-4
2026-10-06T13:45:44Z,0f42a383,33.9099,995948,2937044,5376,7312,33.7199,fable batch 47
2026-10-06T16:13:29Z,5c5730d1,34.2416,1005692,2937044,5390,7312,34.0517,fable batch 48
2026-10-06T16:38:58Z,75332bb6,34.2427,1005724,2937044,5391,7312,34.0517,tooling rounds 7-8
2026-10-06T16:12:00Z,b28906fb,34.2098,1004756,2937044,5390,7312,34.0198,codex-goal codex-goal-20261006-1004-1
2026-10-06T16:18:16Z,fce31e5b,34.263,1006320,2937044,5392,7312,34.073,codex-goal codex-goal-20261006-1012-2
2026-10-06T16:24:04Z,d93b1452,34.3528,1008956,2937044,5395,7312,34.1628,codex-goal codex-goal-20261006-1018-3
2026-10-06T16:38:04Z,c596776a,34.4711,1012432,2937044,5400,7312,34.2811,codex-goal codex-goal-20261006-1033-1
2026-10-06T16:43:23Z,9bb34f8f,34.5227,1013948,2937044,5402,7312,34.3328,codex-goal codex-goal-20261006-1038-2
2026-10-06T16:49:58Z,3eae20b5,34.5496,1014736,2937044,5403,7312,34.3596,codex-goal codex-goal-20261006-1043-3
2026-10-06T16:55:33Z,274f5ab0,34.6256,1016968,2937044,5406,7312,34.4356,codex-goal codex-goal-20261006-1050-4
2026-10-06T17:05:32Z,685e53d9,34.683,1018656,2937044,5408,7312,34.493,codex-goal codex-goal-20261006-1100-6
2026-10-06T17:11:39Z,6d48eb14,34.8041,1022212,2937044,5413,7312,34.6141,codex-goal codex-goal-20261006-1105-7
2026-10-06T17:17:34Z,671c02fc,34.894,1024852,2937044,5416,7312,34.704,codex-goal codex-goal-20261006-1111-8
2026-10-06T17:31:03Z,a21a9905,34.9117,1025372,2937044,5417,7312,34.7217,codex-goal codex-goal-20261006-1127-11
2026-10-06T17:45:22Z,38a51afb,34.9485,1026452,2937044,5418,7312,34.7585,codex-goal codex-goal-20261006-1131-12
2026-10-06T17:55:30Z,d0077661,35.0787,1030276,2937044,5421,7312,34.8887,codex-goal codex-goal-20261006-1145-13
2026-10-06T18:08:34Z,c2e89aea,35.1928,1033628,2937044,5423,7312,35.0028,codex-goal codex-goal-20261006-1155-14
2026-10-06T18:19:46Z,1e43498d,35.2356,1034884,2937044,5424,7312,35.0456,codex-goal codex-goal-20261006-1208-15
2026-10-06T18:33:26Z,ad9e7a09,35.2913,1036520,2937044,5425,7312,35.1013,codex-goal codex-goal-20261006-1219-16
2026-10-06T18:44:26Z,83e668bd,35.37,1038832,2937044,5427,7312,35.18,codex-goal codex-goal-20261006-1233-17
2026-10-06T19:09:28Z,b581bcf8,35.426,1040476,2937044,5428,7312,35.236,codex-goal codex-goal-20261006-1258-19
2026-10-06T19:34:33Z,779ad80d,35.4453,1041044,2937044,5430,7312,35.2553,codex-goal codex-goal-20261006-1330-22
2026-10-06T19:39:32Z,5d88cdb9,35.478,1042004,2937044,5433,7312,35.288,codex-goal codex-goal-20261006-1334-23
2026-10-06T19:44:33Z,cebe97e9,35.512,1043004,2937044,5436,7312,35.322,codex-goal codex-goal-20261006-1339-24
2026-10-06T19:48:49Z,82ddec51,35.5893,1045272,2937044,5442,7312,35.3993,codex-goal codex-goal-20261006-1344-25
2026-10-06T19:53:54Z,b014ba8e,35.6665,1047540,2937044,5448,7312,35.4765,codex-goal codex-goal-20261006-1348-26
2026-10-06T19:58:09Z,c06a46e3,35.7053,1048680,2937044,5451,7312,35.5153,codex-goal codex-goal-20261006-1354-27
2026-10-06T20:03:11Z,adbab886,35.7904,1051180,2937044,5457,7312,35.6004,codex-goal codex-goal-20261006-1358-28
2026-10-06T21:03:52Z,02cd63cb,35.8167,1051952,2937044,5459,7312,35.6267,codex-goal codex-goal-20261006-1459-1
2026-10-06T21:08:14Z,4e1500fa,35.8287,1052304,2937044,5460,7312,35.6387,codex-goal codex-goal-20261006-1503-2
2026-10-06T21:12:28Z,2193c63c,35.8723,1053584,2937044,5463,7312,35.6823,codex-goal codex-goal-20261006-1508-3
2026-10-06T21:16:22Z,1fb76d68,35.9015,1054444,2937044,5465,7312,35.7116,codex-goal codex-goal-20261006-1512-4
2026-10-06T21:19:17Z,3a3728c4,35.9135,1054796,2937044,5466,7312,35.7235,codex-goal codex-goal-20261006-1516-5
2026-10-06T21:21:36Z,4bbb0c46,35.9255,1055148,2937044,5467,7312,35.7355,codex-goal codex-goal-20261006-1519-6
2026-10-06T21:24:00Z,2917b7b6,35.9375,1055500,2937044,5468,7312,35.7475,codex-goal codex-goal-20261006-1521-7
2026-10-06T22:54:33Z,39930b94,35.8411,1052668,2937044,5454,7312,35.643,
2026-10-06T23:47:57Z,cfb58edd,36.0853,1059840,2937044,5471,7312,35.8872,codex-goal codex-goal-20261006-1744-1
2026-10-06T23:51:51Z,1f1a2416,36.1051,1060424,2937044,5475,7312,35.9071,codex-goal codex-goal-20261006-1748-2
2026-10-06T23:54:24Z,168f9d6d,36.1163,1060752,2937044,5479,7312,35.9183,codex-goal codex-goal-20261006-1751-3
2026-10-06T23:57:02Z,1c877322,36.1209,1060888,2937044,5480,7312,35.9229,codex-goal codex-goal-20261006-1754-4
2026-10-06T23:59:34Z,e2641984,36.1261,1061040,2937044,5481,7312,35.9281,codex-goal codex-goal-20261006-1757-5
2026-10-07T00:02:09Z,613e7e19,36.1318,1061208,2937044,5482,7312,35.9338,codex-goal codex-goal-20261006-1759-6
2026-10-07T00:08:30Z,713c0aa2,36.1527,1061820,2937044,5485,7312,35.9547,codex-goal codex-goal-20261006-1806-9
2026-10-07T00:11:06Z,894bf8c9,36.1599,1062032,2937044,5486,7312,35.9619,codex-goal codex-goal-20261006-1808-10
2026-10-07T00:13:35Z,04528be1,36.1677,1062260,2937044,5487,7312,35.9696,codex-goal codex-goal-20261006-1811-11
2026-10-07T00:19:45Z,83e6d90f,36.176,1062504,2937044,5488,7312,35.9779,codex-goal codex-goal-20261006-1817-14
2026-10-07T01:10:13Z,cdb5c43b,36.2437,1064492,2937044,5497,7312,36.0456,codex-goal codex-goal-20261006-1905-1
2026-10-07T01:15:39Z,55c8883d,36.2702,1065272,2937044,5499,7312,36.0722,codex-goal codex-goal-20261006-1910-2
2026-10-07T01:26:27Z,758cf244,36.2855,1065720,2937044,5503,7312,36.0874,codex-goal codex-goal-20261006-1919-4
2026-10-07T01:31:53Z,dc04ab6d,36.3228,1066816,2937044,5506,7312,36.1248,codex-goal codex-goal-20261006-1926-5
2026-10-07T01:36:47Z,66ee409b,36.3316,1067076,2937044,5508,7312,36.1336,codex-goal codex-goal-20261006-1931-6
2026-10-07T01:42:41Z,c61f8209,36.3316,1067076,2937044,5508,7312,36.1336,codex-goal codex-goal-20261006-1936-7
2026-10-07T01:52:09Z,d3a2ac10,36.356,1067792,2937044,5510,7312,36.158,codex-goal codex-goal-20261006-1947-9
2026-10-07T02:07:32Z,6cde7362,36.356,1067792,2937044,5510,7312,36.158,codex-goal codex-goal-20261006-2003-12
2026-10-07T01:46:49Z,100f5baf,36.2631,1065064,2937044,5499,7312,36.0651,fallback batch 49
2026-10-07T02:51:49Z,01aab0e8,36.4241,1069792,2937044,5516,7312,36.2261,codex-goal codex-goal-20261006-2038-1
2026-10-07T03:04:42Z,3d952458,36.5075,1072240,2937044,5519,7312,36.3094,codex-goal codex-goal-20261006-2051-2
2026-10-07T03:20:05Z,6bd0ee9e,36.542,1073256,2937044,5522,7312,36.344,codex-goal codex-goal-20261006-2104-3
2026-10-07T03:34:54Z,7f74ec93,36.542,1073256,2937044,5522,7312,36.344,codex-astra 1
2026-10-07T03:40:10Z,aa8cd291,36.542,1073256,2937044,5522,7312,36.344,codex-astra 2
2026-10-07T03:46:23Z,fa079f11,36.542,1073256,2937044,5522,7312,36.344,codex-astra 3
2026-10-07T04:00:19Z,ad1e76b5,36.542,1073256,2937044,5522,7312,36.344,codex-astra 1
2026-10-07T04:08:22Z,4e7651f8,36.542,1073256,2937044,5522,7312,36.344,codex-astra 2
2026-10-07T04:14:54Z,7c144cb8,36.542,1073256,2937044,5522,7312,36.344,codex-astra 3
2026-10-07T04:21:51Z,381667f3,36.542,1073256,2937044,5522,7312,36.344,codex-astra 4
2026-10-07T04:29:17Z,5255839e,36.542,1073256,2937044,5522,7312,36.344,codex-astra 5
2026-10-07T04:37:43Z,530d3285,36.542,1073256,2937044,5522,7312,36.344,codex-astra 6
2026-10-07T04:43:34Z,aa170ed3,36.542,1073256,2937044,5522,7312,36.344,codex-astra 7
2026-10-07T04:54:06Z,1cd9cbcd,36.542,1073256,2937044,5522,7312,36.344,codex-astra 8
2026-10-07T05:02:20Z,ce9c1058,36.542,1073256,2937044,5522,7312,36.344,codex-astra 9
2026-10-07T05:12:10Z,261daa3a,36.542,1073256,2937044,5522,7312,36.344,codex-astra 10
2026-10-07T05:20:13Z,d172db07,36.542,1073256,2937044,5522,7312,36.344,codex-astra 11
2026-10-07T05:29:50Z,00a2d31c,36.542,1073256,2937044,5522,7312,36.344,codex-astra 12
2026-10-07T05:36:13Z,a1238d03,36.542,1073256,2937044,5522,7312,36.344,codex-astra 13
2026-10-07T05:54:18Z,3470125c,36.542,1073256,2937044,5522,7312,36.344,codex-astra 15
2026-10-07T06:01:10Z,96b3c78f,36.542,1073256,2937044,5522,7312,36.344,codex-astra 16
2026-10-07T06:07:31Z,b45ef245,36.542,1073256,2937044,5522,7312,36.344,codex-astra 17
2026-10-07T06:26:40Z,f0807636,36.542,1073256,2937044,5522,7312,36.344,codex-astra 19
2026-10-07T06:33:00Z,790fa885,36.542,1073256,2937044,5522,7312,36.344,codex-astra 20
2026-10-07T06:45:06Z,a4d638be,36.542,1073256,2937044,5522,7312,36.344,codex-astra 21
2026-10-07T06:54:51Z,2a27a276,36.542,1073256,2937044,5522,7312,36.344,codex-astra 22
2026-10-07T07:05:16Z,a5e5d642,36.542,1073256,2937044,5522,7312,36.344,codex-astra 23
2026-10-07T07:11:55Z,5541cdda,36.542,1073256,2937044,5522,7312,36.344,codex-astra 24
2026-10-07T07:18:23Z,a7dbec43,36.542,1073256,2937044,5522,7312,36.344,codex-astra 25
2026-10-07T07:28:44Z,ace14f9c,36.542,1073256,2937044,5522,7312,36.344,codex-astra 26
2026-10-07T07:44:03Z,7576f1b9,36.542,1073256,2937044,5522,7312,36.344,codex-astra 28
2026-10-07T07:53:00Z,2aa494dd,36.542,1073256,2937044,5522,7312,36.344,codex-astra 29
2026-10-07T08:04:21Z,c1d31d48,36.542,1073256,2937044,5522,7312,36.344,codex-astra 30
2026-10-07T08:12:15Z,2ebe89e1,36.542,1073256,2937044,5522,7312,36.344,codex-astra 31
2026-10-07T08:21:27Z,a7f93628,36.542,1073256,2937044,5522,7312,36.344,codex-astra 32
2026-10-07T08:29:12Z,4b9fc2ef,36.542,1073256,2937044,5522,7312,36.344,codex-astra 33
2026-10-07T08:37:43Z,5ef180c0,36.542,1073256,2937044,5522,7312,36.344,codex-astra 34
2026-10-07T09:07:58Z,37936d6a,36.542,1073256,2937044,5522,7312,36.344,codex-astra 37
2026-10-07T09:19:46Z,be3c40f3,36.542,1073256,2937044,5522,7312,36.344,codex-astra 38
2026-10-07T09:43:25Z,2af5b021,36.542,1073256,2937044,5522,7312,36.344,codex-astra 40
2026-10-07T03:29:35Z,ff906cc1,36.2667,1065168,2937044,5500,7312,36.0686,librarian pass 2
2026-10-07T03:34:16Z,d8ab8e95,36.2631,1065064,2937044,5499,7312,36.0651,librarian pass 2 + fn_3_BE88
2026-10-07T04:22:11Z,9a585d93,36.2804,1065572,2937044,5501,7312,36.0824,fallback batch 50
2026-10-07T05:13:24Z,48722915,36.3251,1066884,2937044,5504,7312,36.1271,fallback batch 51
2026-10-07T06:01:23Z,94b77a4b,36.3251,1066884,2937044,5504,7312,36.1271,fallback batch 52
2026-10-07T06:54:15Z,f09ecb05,36.3758,1068372,2937044,5507,7312,36.1777,fallback batch 53
2026-10-07T07:46:29Z,218a9b16,36.3928,1068872,2937044,5508,7312,36.1948,fallback batch 54
2026-10-07T08:38:52Z,6aa445c2,36.3999,1069080,2937044,5510,7312,36.2018,fallback batch 55
2026-10-07T09:59:37Z,f8ad70ba,36.4048,1069224,2937044,5511,7312,36.2067,tooling round 13
2026-10-07T10:48:24Z,7c1c4b07,36.4436,1070364,2937044,5514,7312,36.2456,fallback batch 56
2026-10-07T11:37:18Z,34fa7cfe,36.4613,1070884,2937044,5516,7312,36.2633,fallback batch 57
2026-10-07T12:25:56Z,911ff688,36.4707,1071160,2937044,5517,7312,36.2727,fallback batch 58
2026-10-07T13:31:30Z,afbd4243,36.4989,1071988,2937044,5520,7312,36.281,tooling round 14
2026-10-07T14:23:40Z,feb3b693,36.5096,1072304,2937044,5521,7312,36.2917,fallback batch 59
2026-10-07T15:35:20Z,9f9f233e,36.5096,1072304,2937044,5521,7312,36.2917,librarian pass 3
2026-10-07T16:27:12Z,e7393add,36.5209,1072636,2937044,5522,7312,36.303,fallback batch 60
2026-10-07T17:22:02Z,62d9c2b0,36.5675,1074004,2937044,5525,7312,36.3496,tooling round 15
2026-10-07T18:15:27Z,d2af265e,36.5675,1074004,2937044,5525,7312,36.3496,fallback batch 61
2026-10-07T19:08:51Z,aa0c85f9,36.5675,1074004,2937044,5525,7312,36.3496,fallback batch 62
2026-10-07T20:37:35Z,12d7f522,36.6234,1075644,2937044,5529,7312,36.4055,fallback batch 63 (max-size 1024)
2026-10-08T03:38:21Z,8cf7f091,36.6366,1076032,2937044,5530,7312,36.4187,fallback batch 64
2026-10-08T03:58:32Z,535a05d6,38.4971,1130676,2937044,5625,7312,38.2792,codex-goal codex-goal-20261007-2149-1
2026-10-08T04:05:46Z,b2f2a94e,38.5138,1131168,2937044,5626,7312,38.2959,codex-goal codex-goal-20261007-2158-2
2026-10-08T04:11:57Z,6abe0a25,38.578,1133052,2937044,5628,7312,38.3601,codex-goal codex-goal-20261007-2205-3
2026-10-08T04:25:42Z,14b0ecbb,38.6342,1134704,2937044,5631,7312,38.4163,codex-goal codex-goal-20261007-2218-5
2026-10-08T04:34:21Z,4b588d4c,38.6576,1135392,2937044,5632,7312,38.4397,codex-goal codex-goal-20261007-2225-6
2026-10-08T04:51:07Z,8e449351,38.6753,1135912,2937044,5633,7312,38.4574,codex-goal codex-goal-20261007-2244-8
2026-10-08T04:45:43Z,8a9d5d5a,36.6514,1076468,2937044,5531,7312,36.4335,fallback batch 65
2026-10-08T06:26:05Z,9147d5b2,36.6672,1076932,2937044,5532,7312,36.4493,tooling round 17
2026-10-08T07:47:36Z,977c2664,36.692,1077660,2937044,5534,7312,36.4741,fable batch 66
2026-10-08T08:58:02Z,50c8d1c1,36.7548,1079504,2937044,5535,7312,36.5369,fable batch 67
2026-10-08T10:43:43Z,32b7b4c2,36.7548,1079504,2937044,5535,7312,36.5369,fable batch 68
2026-10-08T10:55:15Z,63feab3e,36.759,1079628,2937044,5536,7312,36.5369,fable batch 69
2026-10-08T13:43:27Z,48d870a9,36.759,1079628,2937044,5536,7312,36.5369,fable batch 70
2026-10-08T14:49:39Z,4a91b881,36.7986,1080792,2937044,5539,7312,36.5765,tooling round 18
2026-10-08T14:49:48Z,4a91b881,36.7986,1080792,2937044,5539,7312,36.5765,tooling round 18
2026-10-08T15:57:49Z,f0a0ab04,36.8925,1083548,2937044,5545,7312,36.6025,fable batch 71
2026-10-08T16:43:15Z,d9b20764,36.8925,1083548,2937044,5545,7312,36.6025,fable batch 72
2026-10-08T17:15:44Z,5464f830,36.8925,1083548,2937044,5545,7312,36.6025,fable batch 73
2026-10-08T06:11:35Z,aecd6aec,38.7178,1137160,2937044,5635,7312,38.4999,codex-goal codex-goal-20261008-0003-1
2026-10-08T06:16:04Z,9a84ad2a,38.7443,1137936,2937044,5636,7312,38.5264,codex-goal codex-goal-20261008-0011-2
2026-10-08T06:22:59Z,1412ed90,38.7998,1139568,2937044,5638,7312,38.5819,codex-goal codex-goal-20261008-0016-3
2026-10-08T06:30:01Z,0e29b132,38.8576,1141264,2937044,5640,7312,38.6397,codex-goal codex-goal-20261008-0023-4
2026-10-08T06:34:59Z,4e5e9fd2,38.8862,1142104,2937044,5641,7312,38.6683,codex-goal codex-goal-20261008-0030-5
2026-10-08T07:13:20Z,7c62a93d,38.921,1143128,2937044,5642,7312,38.7031,codex-goal codex-goal-20261008-0101-10
2026-10-08T07:40:40Z,3cddec1d,38.9577,1144204,2937044,5643,7312,38.7398,codex-goal codex-goal-20261008-0129-12
2026-10-08T08:24:43Z,036e42cb,39.0296,1146316,2937044,5644,7312,38.8117,codex-goal codex-goal-20261008-0212-16
2026-10-08T08:50:35Z,7afbc58b,39.1058,1148556,2937044,5645,7312,38.8879,codex-goal codex-goal-20261008-0237-18
2026-10-08T11:19:18Z,4082394b,39.3105,1154568,2937044,5647,7312,39.0926,codex-goal codex-goal-20261008-0501-27
2026-10-08T11:40:01Z,1289457a,39.3789,1156576,2937044,5648,7312,39.161,codex-goal codex-goal-20261008-0519-28
2026-10-08T12:19:30Z,5ac0697f,39.4398,1158364,2937044,5649,7312,39.2219,codex-goal codex-goal-20261008-0559-30
2026-10-08T12:35:25Z,a9f9fb82,39.5515,1161644,2937044,5651,7312,39.3336,codex-goal codex-goal-20261008-0619-31
2026-10-08T13:10:52Z,cf9929d9,39.7017,1166056,2937044,5654,7312,39.4838,codex-goal codex-goal-20261008-0650-33
2026-10-08T13:29:00Z,e0bc7e3a,39.7982,1168892,2937044,5656,7312,39.5803,codex-goal codex-goal-20261008-0710-34
2026-10-08T13:49:52Z,07d3931e,39.9806,1174248,2937044,5660,7312,39.7627,codex-goal codex-goal-20261008-0729-35
2026-10-08T14:06:48Z,14a72e5e,40.0238,1175516,2937044,5661,7312,39.8059,codex-goal codex-goal-20261008-0749-36
2026-10-08T14:46:04Z,dab0e3bb,40.0581,1176524,2937044,5662,7312,39.8402,codex-goal codex-goal-20261008-0828-38
2026-10-08T15:02:34Z,f0c27fce,40.1567,1179420,2937044,5665,7312,39.9388,codex-goal codex-goal-20261008-0846-39
2026-10-08T15:15:48Z,e55741b9,40.1838,1180216,2937044,5666,7312,39.9659,codex-goal codex-goal-20261008-0902-40
2026-10-08T15:22:36Z,04c87860,40.2895,1183320,2937044,5669,7312,40.0716,codex-goal codex-goal-20261008-0916-41
2026-10-08T15:39:35Z,c7b8ab07,40.3154,1184080,2937044,5670,7312,40.0975,codex-goal codex-goal-20261008-0931-43
2026-10-08T15:49:52Z,03da4f87,40.3438,1184916,2937044,5671,7312,40.1259,codex-goal codex-goal-20261008-0939-44
2026-10-08T15:57:48Z,70d937de,40.3539,1185212,2937044,5672,7312,40.136,codex-goal codex-goal-20261008-0950-45
2026-10-08T16:04:59Z,7a0c736b,40.3806,1185996,2937044,5673,7312,40.1627,codex-goal codex-goal-20261008-0958-46
2026-10-08T16:19:43Z,4634df3f,40.3905,1186288,2937044,5674,7312,40.1726,codex-goal codex-goal-20261008-1011-48
